nick,power,lane
SenjorTomato,21345706,left
BOMBARDIER,20207802,left
–ê–ª–ª–µ–≥—Ä–æ–≤–∞,19669686,left
Layrouse,19214805,left
‚òÖBipolarStar‚òÖ,18119101,left
–ê–ª–µ–∫—Å–µ–π¬©,16218911,left
BAGIIGR,15735894,left
Dze,15638710,left
General-Alcohol,15501675,left
MasoudEsm,14974918,left
ÁÇä„ÅçËæº„ÅøÂæ°È£Ø,14789792,left
MixturA,14627872,left
„ÄäKoch√∂„Äã,14157469,left
PolWilliam,14087553,left
Tusker777,14045796,left
PROvokaTOR,21465198,center
‚óáZloiPAPA‚óá,21443909,center
devyy,20278099,center
KKKe,19482184,center
Hitter,17472698,center
DocSirena,17209711,center
Defa1000,16588903,center
—Å—Ç—Ä–∞—Ö,16240979,center
KomstoK,15800632,center
VishenkA,14401600,center
TaraKash,14352983,center
Hkn,14257829,center
–õ–µ–º–Ω–∏—Å–∫–∞—Ç–∞,14197768,center
DziL,13824562,center
friendWwW,13635675,center
IBlackFlint,20753024,right
nevyy,19752086,right
LAMPOCHKA,19547186,right
Tim2,19013083,right
cdpkaktus,18800876,right
Maranill,18724594,right
---–ö–ò–°---,17840010,right
Solevar,17238314,right
–î—è–¥—è–í–æ–≤–∞,16630372,right
VaRvArTTT,16411480,right
Plytofka,16148736,right
IDARQ,14825494,right
Solnce,14438575,right
AtAman,14031840,right
madnesss,13286055,right
